latitude,longitude,elevation,utc_offset_seconds,timezone,timezone_abbreviation
37.785587,-25.662628,111.0,0,GMT,GMT

time,temperature_2m (°C),precipitation (mm),wind_speed_10m (km/h),relative_humidity_2m (%)
2025-09-09T00:00,16.9,0.00,4.5,79
2025-09-09T01:00,16.5,0.00,5.1,81
2025-09-09T02:00,16.1,0.00,4.9,82
2025-09-09T03:00,16.4,0.00,4.3,79
2025-09-09T04:00,16.2,0.00,5.1,77
2025-09-09T05:00,16.1,0.00,4.9,77
2025-09-09T06:00,15.9,0.00,4.4,76
2025-09-09T07:00,16.2,0.00,3.1,74
2025-09-09T08:00,16.9,0.00,2.9,73
2025-09-09T09:00,19.6,0.00,8.6,60
2025-09-09T10:00,20.8,0.00,12.1,54
2025-09-09T11:00,21.6,0.00,13.3,52
2025-09-09T12:00,22.0,0.00,13.0,53
2025-09-09T13:00,22.3,0.00,12.4,53
2025-09-09T14:00,22.5,0.00,12.8,55
2025-09-09T15:00,22.5,0.00,12.1,55
2025-09-09T16:00,22.5,0.00,12.0,55
2025-09-09T17:00,22.0,0.00,13.0,56
2025-09-09T18:00,21.8,0.00,11.7,54
2025-09-09T19:00,21.5,0.00,10.2,54
2025-09-09T20:00,20.5,0.00,5.6,59
2025-09-09T21:00,19.9,0.00,8.2,66
2025-09-09T22:00,19.4,0.00,8.0,71
2025-09-09T23:00,19.0,0.00,4.5,73
2025-09-10T00:00,18.5,0.00,2.4,76
2025-09-10T01:00,18.4,0.00,0.9,76
2025-09-10T02:00,18.0,0.00,3.5,78
2025-09-10T03:00,17.5,0.00,5.0,80
2025-09-10T04:00,18.1,0.00,5.4,78
2025-09-10T05:00,18.1,0.00,5.5,80
2025-09-10T06:00,18.0,0.00,5.9,81
2025-09-10T07:00,17.8,0.00,6.1,82
2025-09-10T08:00,18.4,0.00,5.2,81
2025-09-10T09:00,21.0,0.00,6.7,69
2025-09-10T10:00,22.3,0.00,10.3,60
2025-09-10T11:00,23.6,0.00,8.0,54
2025-09-10T12:00,24.1,0.00,6.4,53
2025-09-10T13:00,25.6,0.00,4.8,49
2025-09-10T14:00,25.3,0.00,9.5,54
2025-09-10T15:00,25.0,0.00,10.7,56
2025-09-10T16:00,24.6,0.00,11.9,58
2025-09-10T17:00,24.0,0.00,12.1,61
2025-09-10T18:00,23.0,0.00,13.8,65
2025-09-10T19:00,22.1,0.00,12.8,69
2025-09-10T20:00,21.4,0.00,9.4,71
2025-09-10T21:00,20.5,0.00,4.5,77
2025-09-10T22:00,19.6,0.00,3.4,84
2025-09-10T23:00,19.6,0.00,2.3,86
2025-09-11T00:00,19.4,0.00,1.1,88
2025-09-11T01:00,18.8,0.00,3.1,93
2025-09-11T02:00,18.9,0.00,3.1,93
2025-09-11T03:00,18.6,0.00,3.2,93
2025-09-11T04:00,18.5,0.00,3.8,94
2025-09-11T05:00,18.6,0.00,2.4,93
2025-09-11T06:00,18.8,0.00,2.3,94
2025-09-11T07:00,19.1,0.00,2.3,94
2025-09-11T08:00,19.9,0.00,3.2,93
2025-09-11T09:00,21.0,0.00,6.7,88
2025-09-11T10:00,21.5,0.20,7.6,86
2025-09-11T11:00,21.5,0.60,7.6,88
2025-09-11T12:00,21.5,1.10,6.5,91
2025-09-11T13:00,23.9,0.90,7.4,73
2025-09-11T14:00,24.3,0.60,5.6,76
2025-09-11T15:00,24.5,0.30,6.7,73
2025-09-11T16:00,24.2,0.70,9.0,75
2025-09-11T17:00,23.1,1.30,10.0,78
2025-09-11T18:00,22.4,1.00,9.7,85
2025-09-11T19:00,22.0,0.00,6.5,86
2025-09-11T20:00,21.0,0.00,5.0,91
2025-09-11T21:00,20.4,0.00,5.3,95
2025-09-11T22:00,20.1,0.00,3.6,96
2025-09-11T23:00,19.5,0.00,2.4,97
2025-09-12T00:00,19.2,0.00,1.5,97
2025-09-12T01:00,18.7,0.00,1.5,98
2025-09-12T02:00,18.4,0.00,2.4,99
2025-09-12T03:00,18.4,0.00,2.2,99
2025-09-12T04:00,18.2,0.00,2.3,99
2025-09-12T05:00,18.0,0.00,1.0,99
2025-09-12T06:00,17.6,0.00,0.6,99
2025-09-12T07:00,17.2,0.00,1.8,99
2025-09-12T08:00,17.6,0.00,3.1,99
2025-09-12T09:00,19.2,0.00,4.5,99
2025-09-12T10:00,21.4,0.00,4.8,87
2025-09-12T11:00,22.6,0.00,5.5,77
2025-09-12T12:00,23.5,0.10,3.0,72
2025-09-12T13:00,24.2,0.00,3.2,68
2025-09-12T14:00,24.2,0.10,4.9,69
2025-09-12T15:00,24.1,0.30,5.9,70
2025-09-12T16:00,24.0,0.10,8.8,69
2025-09-12T17:00,24.0,0.00,8.0,67
2025-09-12T18:00,23.5,0.00,7.7,67
2025-09-12T19:00,22.6,0.00,7.2,72
2025-09-12T20:00,21.1,0.00,5.8,81
2025-09-12T21:00,20.3,0.00,4.7,87
2025-09-12T22:00,19.5,0.00,2.9,91
2025-09-12T23:00,19.4,0.00,0.8,90
2025-09-13T00:00,19.0,0.00,0.0,91
2025-09-13T01:00,18.5,0.00,0.2,93
2025-09-13T02:00,18.3,0.00,0.4,94
2025-09-13T03:00,17.9,0.00,0.7,97
2025-09-13T04:00,17.4,0.00,0.8,99
2025-09-13T05:00,17.2,0.00,0.6,98
2025-09-13T06:00,17.0,0.00,0.4,99
2025-09-13T07:00,16.8,0.00,0.5,98
2025-09-13T08:00,17.4,0.00,0.8,98
2025-09-13T09:00,19.4,0.00,1.2,95
2025-09-13T10:00,21.5,0.00,3.2,81
2025-09-13T11:00,22.6,0.00,5.9,74
2025-09-13T12:00,23.7,0.00,8.7,67
2025-09-13T13:00,23.9,0.00,10.3,70
2025-09-13T14:00,23.9,0.00,9.9,69
2025-09-13T15:00,23.8,0.10,8.9,69
2025-09-13T16:00,23.5,0.20,8.9,71
2025-09-13T17:00,23.3,0.30,9.0,72
2025-09-13T18:00,22.9,0.20,9.0,73
2025-09-13T19:00,22.1,0.10,8.1,77
2025-09-13T20:00,21.3,0.00,5.8,82
2025-09-13T21:00,20.7,0.00,4.5,87
2025-09-13T22:00,20.0,0.00,3.7,91
2025-09-13T23:00,19.5,0.00,3.6,93
2025-09-14T00:00,19.0,0.00,3.7,95
2025-09-14T01:00,19.5,0.00,3.6,91
2025-09-14T02:00,19.1,0.00,4.1,94
2025-09-14T03:00,18.9,0.00,3.6,96
2025-09-14T04:00,18.5,0.00,2.6,97
2025-09-14T05:00,18.4,0.00,2.3,98
2025-09-14T06:00,18.2,0.00,2.4,98
2025-09-14T07:00,18.3,0.00,1.3,98
2025-09-14T08:00,18.6,0.00,1.1,98
2025-09-14T09:00,20.5,0.00,2.3,91
2025-09-14T10:00,22.2,0.10,6.1,78
2025-09-14T11:00,23.5,0.10,6.4,68
2025-09-14T12:00,24.4,0.10,6.5,62
2025-09-14T13:00,25.3,0.00,8.1,57
2025-09-14T14:00,25.7,0.00,8.5,55
2025-09-14T15:00,25.8,0.00,9.3,55
2025-09-14T16:00,25.6,0.00,10.1,56
2025-09-14T17:00,25.0,0.00,11.1,61
2025-09-14T18:00,24.0,0.10,11.7,67
2025-09-14T19:00,23.0,0.00,9.3,74
2025-09-14T20:00,21.6,0.00,6.5,83
2025-09-14T21:00,20.5,0.00,3.5,91
2025-09-14T22:00,19.8,0.00,2.8,94
2025-09-14T23:00,19.5,0.00,1.3,94
2025-09-15T00:00,19.1,0.00,0.9,95
2025-09-15T01:00,19.0,0.00,0.6,97
2025-09-15T02:00,18.6,0.00,0.6,98
2025-09-15T03:00,18.0,0.00,1.1,99
2025-09-15T04:00,17.8,0.00,1.5,99
2025-09-15T05:00,17.2,0.00,1.5,99
2025-09-15T06:00,17.0,0.00,1.7,99
2025-09-15T07:00,16.8,0.00,1.5,98
2025-09-15T08:00,16.8,0.00,2.8,97
2025-09-15T09:00,18.9,0.00,2.7,94
2025-09-15T10:00,21.8,0.00,5.4,75
2025-09-15T11:00,23.0,0.00,7.1,70
2025-09-15T12:00,23.9,0.00,8.0,67
2025-09-15T13:00,24.5,0.10,9.6,65
2025-09-15T14:00,24.2,0.40,7.8,67
2025-09-15T15:00,24.4,0.20,7.9,66
2025-09-15T16:00,23.8,0.20,9.4,70
2025-09-15T17:00,23.4,0.10,9.0,72
2025-09-15T18:00,23.1,0.20,7.3,74
2025-09-15T19:00,22.4,0.10,5.4,78
2025-09-15T20:00,21.3,0.00,4.7,84
2025-09-15T21:00,20.5,0.00,3.8,89
2025-09-15T22:00,20.0,0.00,4.2,92
2025-09-15T23:00,19.6,0.00,4.7,92
2025-09-16T00:00,19.5,0.00,5.2,92
2025-09-16T01:00,19.5,0.00,5.1,92
2025-09-16T02:00,19.2,0.00,5.3,92
2025-09-16T03:00,19.0,0.00,5.4,92
2025-09-16T04:00,18.6,0.00,5.2,92
2025-09-16T05:00,18.3,0.00,5.2,92
2025-09-16T06:00,18.1,0.00,5.2,92
2025-09-16T07:00,18.0,0.00,5.3,92
2025-09-16T08:00,18.8,0.00,5.7,91
2025-09-16T09:00,21.2,0.00,10.5,80
2025-09-16T10:00,22.2,0.00,13.0,74
2025-09-16T11:00,23.0,0.00,14.2,69
2025-09-16T12:00,23.6,0.00,14.6,66
2025-09-16T13:00,24.4,0.00,18.5,64
2025-09-16T14:00,24.6,0.00,18.9,60
2025-09-16T15:00,24.5,0.00,18.6,61
2025-09-16T16:00,24.5,0.00,16.6,61
2025-09-16T17:00,24.1,0.00,15.9,62
2025-09-16T18:00,23.7,0.00,15.0,63
2025-09-16T19:00,22.9,0.00,15.2,67
2025-09-16T20:00,22.0,0.00,13.6,73
2025-09-16T21:00,22.0,0.00,13.4,74
2025-09-16T22:00,21.7,0.00,13.7,76
2025-09-16T23:00,21.6,0.00,15.3,77
2025-09-17T00:00,21.3,0.00,14.2,80
2025-09-17T01:00,21.2,0.00,12.3,82
2025-09-17T02:00,21.0,0.00,12.9,83
2025-09-17T03:00,21.0,0.00,11.8,84
2025-09-17T04:00,20.8,0.00,13.3,84
2025-09-17T05:00,20.8,0.00,15.4,83
2025-09-17T06:00,20.8,0.00,15.7,83
2025-09-17T07:00,20.7,0.00,16.6,83
2025-09-17T08:00,21.0,0.00,18.1,82
2025-09-17T09:00,22.1,0.00,22.7,76
2025-09-17T10:00,22.8,0.40,25.5,73
2025-09-17T11:00,23.1,0.60,25.1,72
2025-09-17T12:00,23.6,0.70,23.6,70
2025-09-17T13:00,24.0,0.30,24.8,70
2025-09-17T14:00,23.8,0.70,24.3,72
2025-09-17T15:00,23.7,0.80,22.1,72
2025-09-17T16:00,23.6,0.50,24.7,72
2025-09-17T17:00,23.4,0.30,21.8,71
2025-09-17T18:00,22.8,0.30,24.3,74
2025-09-17T19:00,22.2,0.20,24.0,77
2025-09-17T20:00,21.6,0.00,17.6,81
2025-09-17T21:00,21.6,0.00,14.8,82
2025-09-17T22:00,21.7,0.00,15.9,81
2025-09-17T23:00,21.8,0.00,14.4,80
2025-09-18T00:00,21.9,0.00,17.6,79
2025-09-18T01:00,22.1,0.00,19.8,80
2025-09-18T02:00,22.0,0.00,18.7,80
2025-09-18T03:00,22.0,0.00,18.0,80
2025-09-18T04:00,22.0,0.00,18.4,80
2025-09-18T05:00,22.0,0.00,17.9,79
2025-09-18T06:00,21.9,0.00,17.8,79
2025-09-18T07:00,22.0,0.00,17.4,79
2025-09-18T08:00,22.1,0.00,17.3,79
2025-09-18T09:00,22.9,0.00,19.1,75
2025-09-18T10:00,23.8,0.00,20.6,71
2025-09-18T11:00,24.2,0.10,21.5,69
2025-09-18T12:00,24.6,0.10,22.7,67
2025-09-18T13:00,24.4,0.20,24.5,71
2025-09-18T14:00,24.2,0.60,21.6,72
2025-09-18T15:00,23.5,0.90,18.7,77
2025-09-18T16:00,23.6,0.70,17.3,78
2025-09-18T17:00,23.6,0.50,15.8,77
2025-09-18T18:00,23.5,0.20,15.9,76
2025-09-18T19:00,23.0,0.00,13.3,79
2025-09-18T20:00,22.4,0.00,11.0,81
2025-09-18T21:00,21.9,0.10,9.4,84
2025-09-18T22:00,20.8,0.30,12.5,91
2025-09-18T23:00,19.6,1.20,8.6,97
2025-09-19T00:00,19.3,4.80,11.7,97
2025-09-19T01:00,19.5,6.10,9.4,96
2025-09-19T02:00,19.0,7.80,15.1,96
2025-09-19T03:00,18.7,0.50,17.0,94
2025-09-19T04:00,18.2,0.00,14.3,96
2025-09-19T05:00,18.8,0.00,15.8,85
2025-09-19T06:00,18.8,0.00,17.1,80
2025-09-19T07:00,18.5,0.00,18.5,82
2025-09-19T08:00,18.4,0.00,19.0,81
2025-09-19T09:00,19.0,0.00,22.0,80
2025-09-19T10:00,19.4,0.00,24.1,77
2025-09-19T11:00,19.8,0.00,24.8,74
2025-09-19T12:00,20.2,0.00,26.0,70
2025-09-19T13:00,20.8,0.00,26.3,67
2025-09-19T14:00,20.7,0.00,25.6,66
2025-09-19T15:00,20.5,0.00,24.9,64
2025-09-19T16:00,20.4,0.00,24.3,64
2025-09-19T17:00,20.0,0.00,23.3,62
2025-09-19T18:00,19.5,0.00,22.4,64
2025-09-19T19:00,18.9,0.00,19.2,66
2025-09-19T20:00,18.4,0.00,17.9,66
2025-09-19T21:00,18.2,0.00,17.7,67
2025-09-19T22:00,17.9,0.00,17.2,69
2025-09-19T23:00,17.8,0.00,17.3,69
2025-09-20T00:00,17.5,0.00,16.9,68
2025-09-20T01:00,17.5,0.00,12.4,61
2025-09-20T02:00,17.6,0.00,12.5,60
2025-09-20T03:00,17.5,0.00,13.4,63
2025-09-20T04:00,17.3,0.00,14.2,64
2025-09-20T05:00,16.9,0.00,11.8,63
2025-09-20T06:00,16.7,0.00,9.2,60
2025-09-20T07:00,17.3,0.00,12.6,63
2025-09-20T08:00,17.4,0.00,11.6,66
2025-09-20T09:00,18.2,0.00,15.0,65
2025-09-20T10:00,18.8,0.00,18.7,63
2025-09-20T11:00,19.4,0.00,20.5,61
2025-09-20T12:00,19.6,0.00,20.1,61
2025-09-20T13:00,20.6,0.00,20.1,57
2025-09-20T14:00,20.8,0.00,19.1,57
2025-09-20T15:00,20.6,0.00,19.4,56
2025-09-20T16:00,20.5,0.00,17.9,51
2025-09-20T17:00,20.5,0.00,16.2,48
2025-09-20T18:00,20.0,0.00,14.5,53
2025-09-20T19:00,19.2,0.00,12.3,56
2025-09-20T20:00,18.1,0.00,7.7,57
2025-09-20T21:00,18.1,0.00,8.8,60
2025-09-20T22:00,18.0,0.00,9.5,63
2025-09-20T23:00,18.1,0.00,11.8,64
2025-09-21T00:00,17.6,0.00,11.4,69
2025-09-21T01:00,17.5,0.00,9.6,75
2025-09-21T02:00,16.6,0.00,7.6,82
2025-09-21T03:00,16.8,0.00,6.7,81
2025-09-21T04:00,16.9,0.00,5.9,82
2025-09-21T05:00,17.0,0.00,7.1,81
2025-09-21T06:00,17.0,0.00,7.6,81
2025-09-21T07:00,16.9,0.00,6.1,82
2025-09-21T08:00,16.6,0.00,5.8,84
2025-09-21T09:00,18.1,0.00,8.5,78
2025-09-21T10:00,19.0,0.00,10.1,73
2025-09-21T11:00,19.5,0.20,9.0,71
2025-09-21T12:00,20.0,0.30,7.6,69
2025-09-21T13:00,21.4,0.10,7.5,61
2025-09-21T14:00,22.1,0.00,7.2,56
2025-09-21T15:00,22.3,0.00,7.6,53
2025-09-21T16:00,22.1,0.00,6.9,51
2025-09-21T17:00,21.5,0.00,8.2,55
2025-09-21T18:00,20.7,0.00,8.4,60
2025-09-21T19:00,19.6,0.00,7.0,71
2025-09-21T20:00,18.1,0.00,5.9,78
2025-09-21T21:00,17.4,0.00,4.9,80
2025-09-21T22:00,16.9,0.00,4.3,80
2025-09-21T23:00,16.5,0.00,3.6,80
2025-09-22T00:00,16.5,0.00,2.6,79
2025-09-22T01:00,15.9,0.00,5.5,83
2025-09-22T02:00,16.2,0.00,5.9,83
2025-09-22T03:00,16.0,0.00,5.5,83
2025-09-22T04:00,15.9,0.00,5.2,82
2025-09-22T05:00,15.9,0.00,4.7,83
2025-09-22T06:00,15.9,0.00,4.5,83
2025-09-22T07:00,15.4,0.00,3.8,85
2025-09-22T08:00,15.4,0.00,4.7,92
2025-09-22T09:00,17.6,0.00,6.7,91
2025-09-22T10:00,20.0,0.00,9.0,74
2025-09-22T11:00,20.5,0.00,13.3,66
2025-09-22T12:00,20.8,0.00,14.2,65
2025-09-22T13:00,20.6,0.00,15.0,66
2025-09-22T14:00,21.0,0.00,14.8,63
2025-09-22T15:00,20.6,0.20,15.2,65
2025-09-22T16:00,20.2,0.80,13.7,73
2025-09-22T17:00,19.8,0.50,12.7,76
2025-09-22T18:00,19.3,0.40,12.7,80
2025-09-22T19:00,18.6,0.40,9.3,86
2025-09-22T20:00,18.4,0.10,9.9,87
2025-09-22T21:00,18.4,0.00,11.3,85
2025-09-22T22:00,19.0,0.00,12.5,81
2025-09-22T23:00,19.5,0.40,16.7,77
2025-09-23T00:00,19.6,0.20,17.2,79
2025-09-23T01:00,18.8,1.70,13.9,89
2025-09-23T02:00,19.6,0.10,17.7,83
2025-09-23T03:00,20.2,0.10,16.7,81
2025-09-23T04:00,20.1,0.00,14.5,86
2025-09-23T05:00,20.4,0.20,15.8,86
2025-09-23T06:00,19.8,0.80,14.3,95
2025-09-23T07:00,19.8,1.90,15.7,95
2025-09-23T08:00,20.0,0.80,14.9,97
2025-09-23T09:00,20.4,0.60,8.9,97
2025-09-23T10:00,20.4,1.00,14.4,95
2025-09-23T11:00,20.9,0.30,15.8,93
2025-09-23T12:00,21.0,0.30,20.2,89
2025-09-23T13:00,21.4,0.70,19.3,86
2025-09-23T14:00,21.5,0.60,19.8,84
2025-09-23T15:00,21.3,0.40,20.5,84
2025-09-23T16:00,21.1,0.00,19.7,81
2025-09-23T17:00,20.8,0.00,18.1,79
2025-09-23T18:00,20.4,0.00,17.3,79
2025-09-23T19:00,19.5,0.00,14.4,86
2025-09-23T20:00,18.3,0.00,12.7,94
2025-09-23T21:00,18.1,0.10,13.1,90
2025-09-23T22:00,18.1,0.00,12.5,88
2025-09-23T23:00,18.0,0.00,14.0,87
2025-09-24T00:00,17.6,0.00,12.1,89
2025-09-24T01:00,17.2,0.00,12.1,89
2025-09-24T02:00,16.9,0.10,11.5,93
2025-09-24T03:00,16.7,0.20,10.9,93
2025-09-24T04:00,17.2,0.10,13.2,89
2025-09-24T05:00,17.3,0.10,14.6,87
2025-09-24T06:00,17.5,0.00,15.3,84
2025-09-24T07:00,17.5,0.00,14.9,81
2025-09-24T08:00,17.6,0.00,15.4,79
2025-09-24T09:00,18.2,0.00,16.2,79
2025-09-24T10:00,18.5,0.00,16.5,75
2025-09-24T11:00,19.1,0.00,15.3,71
2025-09-24T12:00,19.5,0.00,16.3,70
2025-09-24T13:00,20.5,0.00,16.3,66
2025-09-24T14:00,21.0,0.00,14.0,63
2025-09-24T15:00,21.0,0.00,12.5,63
2025-09-24T16:00,20.6,0.00,11.2,66
2025-09-24T17:00,20.4,0.00,10.8,66
2025-09-24T18:00,19.9,0.00,13.0,67
2025-09-24T19:00,19.0,0.00,10.4,71
2025-09-24T20:00,17.9,0.00,7.5,76
2025-09-24T21:00,16.9,0.00,5.4,81
2025-09-24T22:00,16.2,0.00,3.9,83
2025-09-24T23:00,16.2,0.00,1.7,82
2025-09-25T00:00,16.0,0.00,0.9,82
2025-09-25T01:00,15.4,0.00,0.9,78
2025-09-25T02:00,15.2,0.00,0.6,79
2025-09-25T03:00,14.9,0.00,0.8,81
2025-09-25T04:00,14.6,0.00,1.0,82
2025-09-25T05:00,14.6,0.00,0.9,83
2025-09-25T06:00,14.4,0.00,1.1,86
2025-09-25T07:00,14.1,0.00,2.6,87
2025-09-25T08:00,14.2,0.00,4.6,89
2025-09-25T09:00,17.6,0.00,8.6,80
2025-09-25T10:00,19.2,0.00,16.3,71
2025-09-25T11:00,19.5,0.00,17.6,72
2025-09-25T12:00,20.5,0.00,18.9,68
2025-09-25T13:00,21.3,0.00,20.9,64
2025-09-25T14:00,21.4,0.00,22.9,65
2025-09-25T15:00,21.5,0.00,24.3,64
2025-09-25T16:00,21.4,0.00,23.6,66
2025-09-25T17:00,20.9,0.10,22.8,72
2025-09-25T18:00,20.7,0.10,22.0,73
2025-09-25T19:00,20.3,0.00,18.8,73
2025-09-25T20:00,20.1,0.00,19.4,71
2025-09-25T21:00,20.4,0.00,21.9,70
2025-09-25T22:00,20.8,0.00,23.9,70
2025-09-25T23:00,20.8,0.00,25.2,73
2025-09-26T00:00,20.9,0.00,27.2,74
2025-09-26T01:00,20.9,0.00,32.0,69
2025-09-26T02:00,21.0,0.00,33.4,79
2025-09-26T03:00,20.8,0.10,33.3,86
2025-09-26T04:00,20.5,3.30,44.9,97
2025-09-26T05:00,21.1,0.60,49.2,95
2025-09-26T06:00,21.6,0.30,51.6,94
2025-09-26T07:00,22.0,0.20,53.1,90
2025-09-26T08:00,22.0,0.00,53.6,85
2025-09-26T09:00,22.1,0.00,60.9,81
2025-09-26T10:00,22.0,0.00,48.4,76
2025-09-26T11:00,22.4,0.00,35.7,71
2025-09-26T12:00,22.5,0.00,32.1,73
2025-09-26T13:00,21.3,0.00,33.0,70
2025-09-26T14:00,21.5,0.00,30.1,70
2025-09-26T15:00,21.9,0.00,28.5,68
2025-09-26T16:00,21.9,0.00,26.7,68
2025-09-26T17:00,21.8,0.00,25.3,67
2025-09-26T18:00,21.4,0.00,22.7,70
2025-09-26T19:00,20.6,0.00,19.4,73
2025-09-26T20:00,19.7,0.00,16.6,79
2025-09-26T21:00,19.7,0.00,16.0,80
2025-09-26T22:00,19.1,0.00,15.5,87
2025-09-26T23:00,18.8,0.00,12.3,88
2025-09-27T00:00,18.3,0.00,10.8,90
2025-09-27T01:00,17.9,0.00,10.8,90
2025-09-27T02:00,17.6,0.00,11.1,89
2025-09-27T03:00,17.6,0.00,11.0,88
2025-09-27T04:00,17.4,0.00,12.0,87
2025-09-27T05:00,17.2,0.00,12.1,89
2025-09-27T06:00,17.1,0.00,11.6,88
2025-09-27T07:00,17.1,0.00,12.3,84
2025-09-27T08:00,17.1,0.00,11.8,80
2025-09-27T09:00,18.2,0.00,14.2,71
2025-09-27T10:00,19.0,0.00,16.4,62
2025-09-27T11:00,19.5,0.00,17.2,61
2025-09-27T12:00,20.0,0.00,17.1,60
2025-09-27T13:00,20.0,0.00,14.5,59
2025-09-27T14:00,20.3,0.00,14.4,58
2025-09-27T15:00,20.3,0.00,14.3,58
2025-09-27T16:00,20.1,0.00,13.9,58
2025-09-27T17:00,19.7,0.00,13.6,58
2025-09-27T18:00,19.2,0.00,12.6,56
2025-09-27T19:00,18.6,0.00,10.2,61
2025-09-27T20:00,17.8,0.00,6.6,66
2025-09-27T21:00,17.0,0.00,5.1,73
2025-09-27T22:00,16.4,0.00,3.6,77
2025-09-27T23:00,16.8,0.00,1.9,76
2025-09-28T00:00,16.6,0.00,1.0,77
2025-09-28T01:00,16.2,0.00,0.3,76
2025-09-28T02:00,15.6,0.00,0.9,79
2025-09-28T03:00,15.6,0.00,1.4,81
2025-09-28T04:00,15.6,0.00,1.1,82
2025-09-28T05:00,15.5,0.00,1.2,81
2025-09-28T06:00,14.4,0.00,3.0,85
2025-09-28T07:00,13.9,0.00,3.9,86
2025-09-28T08:00,14.1,0.00,4.1,85
2025-09-28T09:00,16.2,0.00,6.4,82
2025-09-28T10:00,19.2,0.00,6.5,67
2025-09-28T11:00,20.7,0.00,10.7,59
2025-09-28T12:00,21.5,0.00,13.0,55
2025-09-28T13:00,21.9,0.00,14.3,57
2025-09-28T14:00,22.1,0.00,14.8,56
2025-09-28T15:00,22.1,0.00,15.1,56
2025-09-28T16:00,22.0,0.00,15.0,56
2025-09-28T17:00,21.5,0.00,13.5,57
2025-09-28T18:00,21.0,0.00,11.6,59
2025-09-28T19:00,20.3,0.00,7.9,61
2025-09-28T20:00,19.0,0.00,4.3,68
2025-09-28T21:00,18.6,0.10,3.7,72
2025-09-28T22:00,18.7,0.00,4.3,73
2025-09-28T23:00,18.5,0.00,4.8,77
2025-09-29T00:00,19.0,0.00,6.9,76
2025-09-29T01:00,19.5,0.00,9.2,74
2025-09-29T02:00,19.8,0.00,11.7,70
2025-09-29T03:00,19.7,0.00,11.8,68
2025-09-29T04:00,19.4,0.00,11.2,72
2025-09-29T05:00,19.7,0.00,13.0,70
2025-09-29T06:00,19.5,0.00,12.1,71
2025-09-29T07:00,19.1,0.00,11.9,74
2025-09-29T08:00,19.2,0.00,12.4,76
2025-09-29T09:00,20.5,0.00,14.5,70
2025-09-29T10:00,21.0,0.10,16.2,69
2025-09-29T11:00,21.1,0.30,16.7,70
2025-09-29T12:00,21.2,0.60,16.2,73
2025-09-29T13:00,22.3,0.00,22.6,64
2025-09-29T14:00,22.4,0.00,21.9,65
2025-09-29T15:00,22.0,0.00,20.8,68
2025-09-29T16:00,22.0,0.00,19.6,69
2025-09-29T17:00,21.9,0.00,18.1,70
2025-09-29T18:00,21.5,0.00,17.4,72
2025-09-29T19:00,20.9,0.00,16.4,75
2025-09-29T20:00,20.5,0.00,14.7,78
2025-09-29T21:00,20.2,0.00,13.6,81
2025-09-29T22:00,20.2,0.00,13.1,82
2025-09-29T23:00,20.1,0.00,12.5,83
2025-09-30T00:00,20.1,0.00,13.0,84
2025-09-30T01:00,20.2,0.00,13.0,86
2025-09-30T02:00,20.1,0.00,12.7,88
2025-09-30T03:00,20.1,0.00,13.4,90
2025-09-30T04:00,20.0,0.00,13.8,92
2025-09-30T05:00,19.9,0.00,12.8,94
2025-09-30T06:00,19.7,0.00,13.3,95
2025-09-30T07:00,19.5,0.10,13.5,95
2025-09-30T08:00,19.6,0.10,13.7,95
2025-09-30T09:00,20.9,0.10,15.4,90
2025-09-30T10:00,21.6,0.30,17.6,87
2025-09-30T11:00,22.0,0.40,18.6,86
2025-09-30T12:00,22.1,0.40,18.3,86
2025-09-30T13:00,22.5,0.50,19.0,85
2025-09-30T14:00,22.5,0.20,18.6,83
2025-09-30T15:00,22.5,0.50,18.2,85
2025-09-30T16:00,22.4,0.50,16.3,86
2025-09-30T17:00,22.2,0.20,14.1,86
2025-09-30T18:00,21.8,0.20,13.0,88
2025-09-30T19:00,21.0,0.20,12.7,91
2025-09-30T20:00,20.4,0.10,11.9,96
2025-09-30T21:00,20.2,0.10,12.1,97
2025-09-30T22:00,20.1,0.10,11.6,97
2025-09-30T23:00,20.1,0.10,10.8,96
2025-10-01T00:00,20.1,0.10,8.3,98
2025-10-01T01:00,20.1,0.30,8.5,98
2025-10-01T02:00,20.1,0.10,4.7,98
2025-10-01T03:00,19.6,0.00,4.0,98
2025-10-01T04:00,19.5,0.00,4.3,99
2025-10-01T05:00,19.5,0.00,4.7,99
2025-10-01T06:00,19.3,0.00,3.2,100
2025-10-01T07:00,19.1,0.00,2.2,100
2025-10-01T08:00,19.0,0.00,2.8,100
2025-10-01T09:00,20.9,0.00,4.0,96
2025-10-01T10:00,21.9,0.20,4.2,90
2025-10-01T11:00,22.8,0.10,4.6,83
2025-10-01T12:00,23.2,0.00,7.6,82
2025-10-01T13:00,23.9,0.10,8.1,79
2025-10-01T14:00,24.1,0.00,8.0,77
2025-10-01T15:00,24.2,0.00,8.2,76
2025-10-01T16:00,23.9,0.00,8.4,78
2025-10-01T17:00,23.5,0.00,8.1,80
2025-10-01T18:00,23.0,0.00,7.2,81
2025-10-01T19:00,22.1,0.00,6.2,87
2025-10-01T20:00,20.5,0.00,3.2,96
2025-10-01T21:00,19.8,0.00,3.2,99
2025-10-01T22:00,19.3,0.00,3.1,100
2025-10-01T23:00,19.1,0.00,3.6,100
2025-10-02T00:00,19.1,0.00,4.5,100
2025-10-02T01:00,19.6,0.00,5.8,99
2025-10-02T02:00,19.6,0.00,5.7,98
2025-10-02T03:00,19.6,0.00,5.1,98
2025-10-02T04:00,19.6,0.00,6.1,99
2025-10-02T05:00,19.7,0.00,6.2,99
2025-10-02T06:00,20.0,0.00,8.1,99
2025-10-02T07:00,20.0,0.00,8.2,99
2025-10-02T08:00,19.8,0.00,7.2,98
2025-10-02T09:00,20.9,0.00,8.4,94
2025-10-02T10:00,21.8,0.00,8.2,86
2025-10-02T11:00,22.5,0.00,8.9,81
2025-10-02T12:00,23.4,0.00,7.7,77
2025-10-02T13:00,24.1,0.00,8.2,72
2025-10-02T14:00,24.2,0.00,10.7,74
2025-10-02T15:00,24.1,0.10,10.9,74
2025-10-02T16:00,24.0,0.10,9.8,75
2025-10-02T17:00,23.6,0.00,8.2,77
2025-10-02T18:00,23.0,0.00,7.7,79
2025-10-02T19:00,22.0,0.00,8.1,85
2025-10-02T20:00,20.8,0.00,4.0,94
2025-10-02T21:00,20.0,0.00,3.7,97
2025-10-02T22:00,20.0,0.00,5.5,97
2025-10-02T23:00,20.0,0.00,7.8,96
2025-10-03T00:00,20.1,0.00,9.4,96
2025-10-03T01:00,20.0,0.00,9.0,96
2025-10-03T02:00,19.9,0.00,8.1,97
2025-10-03T03:00,19.7,0.00,7.6,97
2025-10-03T04:00,19.5,0.00,7.3,96
2025-10-03T05:00,19.5,0.00,6.9,96
2025-10-03T06:00,19.2,0.00,5.4,96
2025-10-03T07:00,19.2,0.00,4.8,96
2025-10-03T08:00,19.0,0.00,4.2,97
2025-10-03T09:00,20.9,0.00,7.5,92
2025-10-03T10:00,22.0,0.00,7.7,85
2025-10-03T11:00,23.0,0.10,9.8,80
2025-10-03T12:00,23.6,0.20,10.9,76
2025-10-03T13:00,23.9,0.10,12.1,76
2025-10-03T14:00,23.9,0.00,11.3,76
2025-10-03T15:00,24.0,0.00,10.1,74
2025-10-03T16:00,24.0,0.00,8.8,75
2025-10-03T17:00,23.7,0.00,8.5,76
2025-10-03T18:00,23.2,0.00,7.2,80
2025-10-03T19:00,22.1,0.00,5.6,85
2025-10-03T20:00,20.9,0.00,2.5,94
2025-10-03T21:00,20.2,0.00,1.8,97
2025-10-03T22:00,19.8,0.00,0.7,98
2025-10-03T23:00,19.2,0.00,1.5,99
2025-10-04T00:00,19.0,0.00,0.9,99
2025-10-04T01:00,19.0,0.00,0.6,99
2025-10-04T02:00,18.8,0.00,0.6,99
2025-10-04T03:00,18.5,0.00,0.7,100
2025-10-04T04:00,18.2,0.00,1.5,100
2025-10-04T05:00,18.0,0.00,1.9,100
2025-10-04T06:00,18.0,0.00,3.1,99
2025-10-04T07:00,17.9,0.00,3.0,99
2025-10-04T08:00,17.9,0.00,3.7,99
2025-10-04T09:00,19.2,0.00,5.6,98
2025-10-04T10:00,21.6,0.00,7.5,87
2025-10-04T11:00,23.0,0.00,9.6,78
2025-10-04T12:00,24.0,0.10,11.3,72
2025-10-04T13:00,24.0,0.20,12.3,72
2025-10-04T14:00,24.1,0.10,11.8,70
2025-10-04T15:00,24.1,0.00,11.7,70
2025-10-04T16:00,23.5,0.30,13.0,74
2025-10-04T17:00,22.5,0.20,12.9,81
2025-10-04T18:00,21.8,0.00,12.7,84
2025-10-04T19:00,20.8,0.00,11.8,88
2025-10-04T20:00,20.2,0.00,10.0,92
2025-10-04T21:00,20.0,0.00,9.4,93
2025-10-04T22:00,19.8,0.00,9.9,94
2025-10-04T23:00,19.6,0.00,11.2,94
2025-10-05T00:00,19.2,0.00,8.6,94
2025-10-05T01:00,19.0,0.00,8.8,94
2025-10-05T02:00,18.9,0.00,9.3,95
2025-10-05T03:00,18.8,0.00,8.5,93
2025-10-05T04:00,18.5,0.00,8.5,92
2025-10-05T05:00,18.3,0.00,8.0,91
2025-10-05T06:00,18.5,0.00,8.8,91
2025-10-05T07:00,18.3,0.00,8.3,91
2025-10-05T08:00,18.5,0.00,9.2,90
2025-10-05T09:00,20.0,0.00,11.7,86
2025-10-05T10:00,21.1,0.10,15.7,79
2025-10-05T11:00,21.6,0.30,18.0,76
2025-10-05T12:00,22.1,0.20,18.1,75
2025-10-05T13:00,22.2,0.40,19.3,75
2025-10-05T14:00,22.5,0.20,17.4,74
2025-10-05T15:00,22.5,0.30,16.4,73
2025-10-05T16:00,22.6,0.00,12.1,72
2025-10-05T17:00,22.5,0.00,9.7,71
2025-10-05T18:00,22.2,0.00,9.2,74
2025-10-05T19:00,21.2,0.00,9.0,78
2025-10-05T20:00,20.5,0.00,5.9,83
2025-10-05T21:00,20.5,0.10,6.8,83
2025-10-05T22:00,20.2,0.00,7.1,84
2025-10-05T23:00,19.6,0.10,7.6,89
2025-10-06T00:00,19.4,0.10,8.6,92
2025-10-06T01:00,19.5,0.10,9.8,92
2025-10-06T02:00,19.6,0.00,10.0,91
2025-10-06T03:00,19.6,0.00,10.4,91
2025-10-06T04:00,19.3,0.00,12.2,93
2025-10-06T05:00,19.4,0.10,15.7,91
2025-10-06T06:00,19.3,0.00,13.3,92
2025-10-06T07:00,19.1,0.60,14.1,95
2025-10-06T08:00,19.0,0.20,10.6,94
2025-10-06T09:00,19.4,1.80,11.5,95
2025-10-06T10:00,20.5,0.70,16.6,90
2025-10-06T11:00,20.7,0.20,16.3,88
2025-10-06T12:00,21.6,0.60,15.9,87
2025-10-06T13:00,22.1,0.00,15.8,84
2025-10-06T14:00,22.2,0.50,15.1,83
2025-10-06T15:00,22.4,1.10,17.1,83
2025-10-06T16:00,22.7,0.80,16.2,82
2025-10-06T17:00,22.5,0.20,13.4,81
2025-10-06T18:00,22.8,0.10,15.5,78
2025-10-06T19:00,22.0,0.00,12.9,85
2025-10-06T20:00,21.3,0.00,13.9,87
2025-10-06T21:00,21.3,0.50,15.3,86
2025-10-06T22:00,20.7,0.50,13.0,91
2025-10-06T23:00,20.6,0.70,15.8,93
2025-10-07T00:00,19.6,0.50,15.8,96
2025-10-07T01:00,20.6,0.10,16.0,91
2025-10-07T02:00,20.2,0.10,16.3,96
2025-10-07T03:00,20.0,0.10,12.2,96
2025-10-07T04:00,19.5,0.10,8.4,96
2025-10-07T05:00,19.3,0.00,5.2,95
2025-10-07T06:00,20.0,0.00,8.3,91
2025-10-07T07:00,19.6,0.00,7.3,92
2025-10-07T08:00,19.3,0.00,5.6,93
2025-10-07T09:00,20.7,0.00,6.5,91
2025-10-07T10:00,21.8,0.00,6.9,85
2025-10-07T11:00,22.6,0.00,5.9,78
2025-10-07T12:00,23.6,0.00,6.1,71
2025-10-07T13:00,24.0,0.00,9.5,68
2025-10-07T14:00,23.9,0.00,9.6,72
2025-10-07T15:00,23.8,0.10,8.3,71
2025-10-07T16:00,23.6,0.10,8.2,71
2025-10-07T17:00,23.2,0.10,9.3,74
2025-10-07T18:00,22.9,0.10,7.3,74
2025-10-07T19:00,21.4,0.00,2.9,83
2025-10-07T20:00,20.1,0.00,0.6,87
2025-10-07T21:00,19.2,0.00,0.6,90
2025-10-07T22:00,18.4,0.00,2.1,93
2025-10-07T23:00,18.0,0.00,3.6,94
2025-10-08T00:00,18.1,0.00,4.0,92
2025-10-08T01:00,18.5,0.00,6.5,92
2025-10-08T02:00,19.1,0.00,8.3,93
2025-10-08T03:00,19.5,0.00,11.3,94
2025-10-08T04:00,19.5,0.00,13.6,94
2025-10-08T05:00,19.5,0.00,12.9,92
2025-10-08T06:00,19.6,0.00,13.4,91
2025-10-08T07:00,19.5,0.00,14.2,92
2025-10-08T08:00,20.1,0.00,15.7,88
2025-10-08T09:00,20.8,0.00,16.5,85
2025-10-08T10:00,21.9,0.00,18.8,80
2025-10-08T11:00,22.4,0.30,19.0,81
2025-10-08T12:00,21.5,0.50,18.2,86
2025-10-08T13:00,23.0,0.10,14.3,80
2025-10-08T14:00,22.1,0.40,16.3,84
2025-10-08T15:00,22.9,0.10,15.3,79
2025-10-08T16:00,23.0,0.10,14.7,78
2025-10-08T17:00,22.8,0.20,15.5,81
2025-10-08T18:00,22.2,0.30,15.6,82
2025-10-08T19:00,21.5,0.80,15.0,88
2025-10-08T20:00,21.0,0.40,14.4,93
2025-10-08T21:00,20.9,0.10,14.8,94
2025-10-08T22:00,20.9,0.00,15.9,94
2025-10-08T23:00,20.5,0.10,16.8,93
2025-10-09T00:00,20.1,0.20,16.9,94
2025-10-09T01:00,20.0,0.20,18.6,94
2025-10-09T02:00,19.8,0.20,19.4,95
2025-10-09T03:00,20.2,0.10,20.5,92
2025-10-09T04:00,20.5,0.00,21.1,87
2025-10-09T05:00,20.5,0.00,20.0,89
2025-10-09T06:00,20.1,0.00,17.1,89
2025-10-09T07:00,20.4,0.10,19.8,89
2025-10-09T08:00,20.4,0.00,22.6,89
2025-10-09T09:00,20.6,0.00,23.2,88
2025-10-09T10:00,21.0,0.10,23.5,85
2025-10-09T11:00,21.8,0.00,25.8,79
2025-10-09T12:00,22.0,0.00,26.5,77
2025-10-09T13:00,22.5,0.30,27.1,75
2025-10-09T14:00,21.5,0.90,24.8,85
2025-10-09T15:00,21.2,0.50,22.7,85
2025-10-09T16:00,20.5,1.40,20.5,93
2025-10-09T17:00,20.5,1.10,20.7,93
2025-10-09T18:00,20.4,0.70,20.4,92
2025-10-09T19:00,20.0,1.20,21.2,92
2025-10-09T20:00,20.1,1.30,20.1,93
2025-10-09T21:00,20.1,1.30,20.2,91
2025-10-09T22:00,20.1,0.70,17.6,88
2025-10-09T23:00,19.6,0.40,14.7,93
2025-10-10T00:00,19.6,0.10,16.2,90
2025-10-10T01:00,20.0,0.30,18.2,87
2025-10-10T02:00,20.1,0.20,18.7,87
2025-10-10T03:00,19.6,0.30,18.3,90
2025-10-10T04:00,19.3,0.30,16.8,93
2025-10-10T05:00,19.1,0.20,15.4,95
2025-10-10T06:00,19.1,0.80,14.5,93
2025-10-10T07:00,19.6,0.20,13.6,91
2025-10-10T08:00,19.9,0.00,14.5,90
2025-10-10T09:00,19.8,0.40,15.5,90
2025-10-10T10:00,19.8,0.60,11.7,89
2025-10-10T11:00,19.9,0.50,11.3,90
2025-10-10T12:00,20.1,0.20,19.8,88
2025-10-10T13:00,20.1,0.10,18.1,89
2025-10-10T14:00,20.2,0.10,15.2,87
2025-10-10T15:00,20.5,0.10,16.2,85
2025-10-10T16:00,20.6,0.10,10.6,85
2025-10-10T17:00,20.6,0.20,10.7,84
2025-10-10T18:00,20.0,0.10,10.2,89
2025-10-10T19:00,19.7,0.20,7.4,90
2025-10-10T20:00,19.1,1.20,7.1,92
2025-10-10T21:00,18.7,1.00,1.4,96
2025-10-10T22:00,18.3,0.00,0.8,96
2025-10-10T23:00,18.2,0.00,0.3,96
2025-10-11T00:00,18.5,0.00,1.8,93
2025-10-11T01:00,17.6,0.00,2.5,94
2025-10-11T02:00,17.4,0.00,2.6,94
2025-10-11T03:00,17.3,0.00,2.3,94
2025-10-11T04:00,17.0,0.00,1.9,94
2025-10-11T05:00,16.8,0.00,1.9,94
2025-10-11T06:00,16.8,0.00,2.9,93
2025-10-11T07:00,16.3,0.00,2.8,95
2025-10-11T08:00,15.9,0.00,3.0,96
2025-10-11T09:00,17.9,0.00,6.4,94
2025-10-11T10:00,19.5,0.00,5.6,90
2025-10-11T11:00,20.7,0.00,5.5,80
2025-10-11T12:00,21.4,0.20,1.3,73
2025-10-11T13:00,21.9,0.40,2.3,71
2025-10-11T14:00,21.6,0.30,4.4,70
2025-10-11T15:00,21.3,0.40,5.6,74
2025-10-11T16:00,21.4,0.20,4.1,73
2025-10-11T17:00,21.1,0.30,5.3,74
2025-10-11T18:00,20.6,0.10,4.9,74
2025-10-11T19:00,19.1,0.00,3.1,86
2025-10-11T20:00,18.1,0.00,3.5,90
2025-10-11T21:00,17.5,0.00,3.3,91
2025-10-11T22:00,17.5,0.00,2.4,91
2025-10-11T23:00,17.0,0.00,2.1,91
2025-10-12T00:00,17.0,0.00,0.4,90
2025-10-12T01:00,16.6,0.00,0.5,92
2025-10-12T02:00,16.4,0.00,0.8,93
2025-10-12T03:00,16.1,0.00,0.6,94
2025-10-12T04:00,15.9,0.00,1.1,97
2025-10-12T05:00,15.5,0.00,1.4,98
2025-10-12T06:00,15.7,0.00,1.0,98
2025-10-12T07:00,15.7,0.00,0.6,97
2025-10-12T08:00,15.7,0.00,0.6,96
2025-10-12T09:00,17.4,0.00,2.4,91
2025-10-12T10:00,19.5,0.10,3.8,84
2025-10-12T11:00,20.6,0.30,7.4,73
2025-10-12T12:00,21.6,0.40,8.1,67
2025-10-12T13:00,22.4,0.30,8.9,63
2025-10-12T14:00,22.8,0.20,9.8,59
2025-10-12T15:00,22.9,0.00,10.8,58
2025-10-12T16:00,22.8,0.00,11.1,57
2025-10-12T17:00,22.4,0.00,10.1,58
2025-10-12T18:00,21.9,0.00,9.0,61
2025-10-12T19:00,20.2,0.00,6.6,73
2025-10-12T20:00,18.9,0.00,8.2,84
2025-10-12T21:00,18.1,0.30,8.0,89
2025-10-12T22:00,17.6,0.30,2.7,93
2025-10-12T23:00,17.1,0.20,1.5,93
2025-10-13T00:00,17.6,0.10,1.3,91
2025-10-13T01:00,16.9,0.00,1.8,92
2025-10-13T02:00,16.5,0.00,2.8,93
2025-10-13T03:00,16.1,0.00,4.3,94
2025-10-13T04:00,15.9,0.00,2.8,94
2025-10-13T05:00,15.9,0.00,2.8,94
2025-10-13T06:00,16.0,0.10,3.0,93
2025-10-13T07:00,16.0,0.00,1.0,92
2025-10-13T08:00,16.2,0.00,1.4,91
2025-10-13T09:00,17.8,0.20,4.3,87
2025-10-13T10:00,18.6,0.10,5.5,84
2025-10-13T11:00,19.0,0.00,6.7,85
2025-10-13T12:00,19.0,0.10,3.2,88
2025-10-13T13:00,20.0,0.20,1.8,82
2025-10-13T14:00,20.5,0.30,1.9,78
2025-10-13T15:00,20.3,0.20,1.5,79
2025-10-13T16:00,20.5,0.20,1.0,77
2025-10-13T17:00,20.0,0.30,2.4,80
2025-10-13T18:00,19.2,0.20,7.6,80
2025-10-13T19:00,17.9,0.00,1.5,94
2025-10-13T20:00,16.5,1.10,5.8,91
2025-10-13T21:00,16.0,0.10,3.4,94
2025-10-13T22:00,16.3,0.00,5.9,94
2025-10-13T23:00,16.5,0.00,5.2,95
2025-10-14T00:00,17.1,0.00,5.8,91
2025-10-14T01:00,17.3,0.00,7.2,90
2025-10-14T02:00,17.3,0.00,7.5,90
2025-10-14T03:00,17.5,0.00,8.4,87
2025-10-14T04:00,17.8,0.00,12.6,87
2025-10-14T05:00,17.7,0.10,12.8,84
2025-10-14T06:00,16.6,0.00,4.9,89
2025-10-14T07:00,18.0,0.00,13.6,85
2025-10-14T08:00,18.5,0.10,16.9,79
2025-10-14T09:00,18.6,0.10,19.0,80
2025-10-14T10:00,19.5,0.10,15.3,78
2025-10-14T11:00,19.2,0.40,16.3,80
2025-10-14T12:00,18.6,0.40,19.6,80
2025-10-14T13:00,17.6,5.40,17.1,92
2025-10-14T14:00,17.6,3.90,15.0,94
2025-10-14T15:00,17.0,2.10,20.8,94
2025-10-14T16:00,16.9,2.20,20.5,94
2025-10-14T17:00,17.0,1.20,21.2,94
2025-10-14T18:00,16.9,0.40,17.9,93
2025-10-14T19:00,17.5,0.10,15.0,91
2025-10-14T20:00,17.8,0.10,15.7,92
2025-10-14T21:00,18.1,0.00,15.5,86
2025-10-14T22:00,18.5,0.00,16.9,82
2025-10-14T23:00,18.5,0.00,16.4,82
2025-10-15T00:00,18.5,0.00,13.6,84
2025-10-15T01:00,19.2,0.20,19.6,79
2025-10-15T02:00,17.0,2.10,16.3,91
2025-10-15T03:00,16.9,3.30,20.4,94
2025-10-15T04:00,17.3,0.90,18.1,93
2025-10-15T05:00,17.6,0.40,17.4,92
2025-10-15T06:00,17.8,0.60,22.8,91
2025-10-15T07:00,18.6,0.10,17.0,90
2025-10-15T08:00,18.1,0.60,16.0,88
2025-10-15T09:00,19.0,0.00,18.0,82
2025-10-15T10:00,19.9,0.00,18.2,80
2025-10-15T11:00,20.4,0.10,19.6,75
2025-10-15T12:00,21.5,0.10,22.4,69
2025-10-15T13:00,21.7,0.00,22.7,66
2025-10-15T14:00,21.9,0.00,23.1,67
2025-10-15T15:00,21.8,0.00,24.3,67
2025-10-15T16:00,21.5,0.10,24.0,69
2025-10-15T17:00,21.2,0.30,24.0,71
2025-10-15T18:00,21.0,0.20,23.4,71
2025-10-15T19:00,19.9,1.10,17.4,81
2025-10-15T20:00,20.0,0.20,19.9,80
2025-10-15T21:00,19.0,0.30,15.3,90
2025-10-15T22:00,19.8,0.00,18.4,87
2025-10-15T23:00,19.6,0.20,15.0,88
2025-10-16T00:00,20.7,0.70,21.1,86
2025-10-16T01:00,21.0,0.00,24.8,85
2025-10-16T02:00,21.1,0.10,27.2,85
2025-10-16T03:00,20.5,0.10,25.5,85
2025-10-16T04:00,19.7,0.90,24.8,94
2025-10-16T05:00,20.5,0.10,22.2,94
2025-10-16T06:00,20.0,0.50,19.3,93
2025-10-16T07:00,19.8,2.10,16.7,95
2025-10-16T08:00,19.7,2.60,11.2,95
2025-10-16T09:00,20.0,3.30,9.5,97
2025-10-16T10:00,20.4,3.80,4.2,98
2025-10-16T11:00,20.1,9.20,6.4,98
2025-10-16T12:00,20.8,3.30,7.5,90
2025-10-16T13:00,20.5,1.10,15.9,93
2025-10-16T14:00,21.0,0.20,22.6,89
2025-10-16T15:00,20.9,0.00,23.6,82
2025-10-16T16:00,21.0,0.00,23.3,80
2025-10-16T17:00,21.0,0.00,22.0,78
2025-10-16T18:00,20.9,0.00,16.0,81
2025-10-16T19:00,19.6,0.00,12.0,86
2025-10-16T20:00,19.0,0.00,11.1,89
2025-10-16T21:00,18.9,0.00,10.5,90
2025-10-16T22:00,18.6,0.00,8.9,90
2025-10-16T23:00,18.4,0.00,8.1,90
2025-10-17T00:00,17.2,0.00,3.3,89
2025-10-17T01:00,17.3,0.00,2.7,89
2025-10-17T02:00,16.9,0.00,2.3,90
2025-10-17T03:00,16.8,0.00,1.5,91
2025-10-17T04:00,16.6,0.00,0.5,91
2025-10-17T05:00,16.6,0.00,0.2,94
2025-10-17T06:00,16.0,0.00,1.9,97
2025-10-17T07:00,15.6,0.00,2.3,98
2025-10-17T08:00,15.8,0.00,0.3,98
2025-10-17T09:00,16.6,0.00,0.9,98
2025-10-17T10:00,18.6,0.00,1.3,96
2025-10-17T11:00,20.1,0.00,3.7,86
2025-10-17T12:00,20.8,0.00,8.1,80
2025-10-17T13:00,21.4,0.00,9.6,76
2025-10-17T14:00,21.5,0.00,8.8,76
2025-10-17T15:00,21.5,0.00,8.9,77
2025-10-17T16:00,21.4,0.00,10.2,79
2025-10-17T17:00,21.2,0.00,12.5,79
2025-10-17T18:00,21.0,0.00,14.3,81
2025-10-17T19:00,21.0,0.00,10.8,85
2025-10-17T20:00,21.0,0.00,9.7,87
2025-10-17T21:00,20.6,0.00,10.1,92
2025-10-17T22:00,20.6,0.00,10.9,95
2025-10-17T23:00,20.6,0.00,12.1,96
2025-10-18T00:00,20.8,0.00,14.0,96
2025-10-18T01:00,20.9,0.00,14.8,97
2025-10-18T02:00,21.0,0.00,14.8,97
2025-10-18T03:00,21.1,0.00,15.2,97
2025-10-18T04:00,21.4,0.20,16.3,98
2025-10-18T05:00,21.7,0.30,17.0,98
2025-10-18T06:00,21.6,0.10,16.9,98
2025-10-18T07:00,21.5,0.20,17.6,98
2025-10-18T08:00,21.3,0.20,16.4,99
2025-10-18T09:00,21.6,0.20,15.7,98
2025-10-18T10:00,22.1,0.10,17.4,95
2025-10-18T11:00,23.0,0.30,18.0,88
2025-10-18T12:00,23.5,0.20,17.8,85
2025-10-18T13:00,23.7,0.20,19.1,85
2025-10-18T14:00,23.8,0.20,18.6,85
2025-10-18T15:00,23.7,0.20,18.2,85
2025-10-18T16:00,23.6,0.20,17.6,85
2025-10-18T17:00,23.0,0.30,16.6,89
2025-10-18T18:00,22.3,0.20,15.8,93
2025-10-18T19:00,21.6,0.10,11.1,97
2025-10-18T20:00,21.4,0.00,8.9,98
2025-10-18T21:00,21.1,0.00,7.1,98
2025-10-18T22:00,21.0,0.00,7.0,99
2025-10-18T23:00,21.0,0.00,6.0,98
2025-10-19T00:00,21.0,1.20,8.5,98
2025-10-19T01:00,21.0,0.10,9.7,98
2025-10-19T02:00,21.2,0.40,10.7,98
2025-10-19T03:00,21.1,0.30,9.2,98
2025-10-19T04:00,21.2,0.10,11.6,99
2025-10-19T05:00,21.2,0.00,10.8,99
2025-10-19T06:00,21.2,0.00,9.6,98
2025-10-19T07:00,21.4,0.10,11.0,98
2025-10-19T08:00,21.3,0.20,12.5,98
2025-10-19T09:00,21.5,0.40,10.4,98
2025-10-19T10:00,21.6,0.70,11.8,97
2025-10-19T11:00,21.9,0.80,15.4,98
2025-10-19T12:00,22.0,0.70,12.9,98
2025-10-19T13:00,22.6,0.40,14.6,94
2025-10-19T14:00,23.3,0.00,14.1,91
2025-10-19T15:00,23.5,0.00,14.5,89
2025-10-19T16:00,23.2,0.20,14.7,90
2025-10-19T17:00,22.6,0.10,14.7,92
2025-10-19T18:00,22.5,0.10,14.1,92
2025-10-19T19:00,21.9,0.10,12.8,96
2025-10-19T20:00,21.7,0.00,10.1,97
2025-10-19T21:00,21.8,0.10,10.3,98
2025-10-19T22:00,21.7,0.00,11.3,99
2025-10-19T23:00,21.8,0.00,13.3,99
2025-10-20T00:00,21.8,0.00,13.4,98
2025-10-20T01:00,21.7,0.00,11.9,98
2025-10-20T02:00,21.6,0.00,12.2,99
2025-10-20T03:00,21.5,0.10,12.2,99
2025-10-20T04:00,21.4,0.00,13.7,99
2025-10-20T05:00,21.4,0.10,13.8,100
2025-10-20T06:00,21.8,0.00,13.6,100
2025-10-20T07:00,21.9,0.10,14.0,99
2025-10-20T08:00,21.8,0.10,13.6,99
2025-10-20T09:00,22.0,0.20,14.9,98
2025-10-20T10:00,22.2,0.20,16.7,97
2025-10-20T11:00,22.6,0.30,18.8,94
2025-10-20T12:00,23.2,0.50,18.3,94
2025-10-20T13:00,23.6,0.10,18.9,92
2025-10-20T14:00,23.9,0.10,20.2,89
2025-10-20T15:00,23.5,0.30,21.1,91
2025-10-20T16:00,23.2,0.10,22.0,93
2025-10-20T17:00,23.0,0.30,22.6,92
2025-10-20T18:00,22.2,0.40,22.4,94
2025-10-20T19:00,21.8,0.70,19.8,96
2025-10-20T20:00,21.8,0.20,20.7,97
2025-10-20T21:00,21.8,0.20,20.9,98
2025-10-20T22:00,21.8,0.20,20.8,98
2025-10-20T23:00,21.8,0.10,20.4,98
2025-10-21T00:00,21.7,0.10,19.7,99
2025-10-21T01:00,21.5,0.50,23.0,97
2025-10-21T02:00,21.5,0.20,23.0,95
2025-10-21T03:00,21.0,0.00,20.6,97
2025-10-21T04:00,21.0,0.00,21.7,97
2025-10-21T05:00,20.8,0.10,20.8,97
2025-10-21T06:00,21.0,0.00,22.2,95
2025-10-21T07:00,21.5,0.20,24.6,95
2025-10-21T08:00,21.3,0.20,23.6,96
2025-10-21T09:00,21.6,0.10,23.2,96
2025-10-21T10:00,22.2,0.20,21.6,94
2025-10-21T11:00,22.7,0.10,22.3,91
2025-10-21T12:00,23.4,0.10,23.0,89
2025-10-21T13:00,23.3,0.40,24.1,91
2025-10-21T14:00,23.2,0.70,23.8,92
2025-10-21T15:00,23.4,0.20,25.1,91
2025-10-21T16:00,23.0,0.40,25.1,93
2025-10-21T17:00,23.0,0.40,21.5,92
2025-10-21T18:00,22.5,0.30,21.0,93
2025-10-21T19:00,22.0,0.10,21.0,94
2025-10-21T20:00,21.6,0.10,20.6,94
2025-10-21T21:00,21.5,0.00,17.0,93
2025-10-21T22:00,21.5,0.00,14.9,97
2025-10-21T23:00,21.5,0.10,15.9,97
2025-10-22T00:00,21.6,0.10,16.9,97
2025-10-22T01:00,21.6,0.10,17.0,97
2025-10-22T02:00,21.5,0.10,15.9,97
2025-10-22T03:00,21.4,0.10,15.7,97
2025-10-22T04:00,21.2,0.10,16.1,97
2025-10-22T05:00,21.1,0.10,15.7,97
2025-10-22T06:00,20.9,0.10,16.6,97
2025-10-22T07:00,20.8,0.60,18.7,96
2025-10-22T08:00,20.5,0.70,19.8,94
2025-10-22T09:00,20.9,0.60,17.9,94
2025-10-22T10:00,21.3,0.20,16.7,91
2025-10-22T11:00,20.9,10.90,21.0,90
2025-10-22T12:00,21.8,5.50,21.9,91
2025-10-22T13:00,22.2,0.30,24.9,90
2025-10-22T14:00,22.2,0.20,28.1,89
2025-10-22T15:00,21.8,0.20,23.6,88
2025-10-22T16:00,21.8,0.10,22.5,89
2025-10-22T17:00,21.4,0.10,24.0,91
2025-10-22T18:00,21.0,0.20,25.0,95
2025-10-22T19:00,21.2,0.20,21.2,93
2025-10-22T20:00,21.2,0.80,16.1,93
2025-10-22T21:00,21.0,1.40,16.0,93
2025-10-22T22:00,21.2,0.00,17.4,94
2025-10-22T23:00,20.1,0.50,17.4,97
2025-10-23T00:00,20.4,0.50,16.3,93
2025-10-23T01:00,20.4,0.30,16.7,94
2025-10-23T02:00,20.3,0.80,15.9,94
2025-10-23T03:00,20.3,0.60,15.7,94
2025-10-23T04:00,20.2,0.40,14.0,95
2025-10-23T05:00,20.2,0.10,12.4,95
2025-10-23T06:00,20.1,0.10,12.1,93
2025-10-23T07:00,19.9,0.10,8.0,94
2025-10-23T08:00,19.9,0.60,9.5,94
2025-10-23T09:00,20.2,0.10,9.5,94
2025-10-23T10:00,20.0,0.50,13.6,92
2025-10-23T11:00,19.5,1.30,10.1,92
2025-10-23T12:00,20.6,0.10,11.4,91
2025-10-23T13:00,21.4,0.00,11.9,86
2025-10-23T14:00,21.6,0.00,12.5,86
2025-10-23T15:00,21.6,0.00,13.0,89
2025-10-23T16:00,21.6,0.00,12.1,89
2025-10-23T17:00,21.4,0.00,13.5,89
2025-10-23T18:00,20.9,0.10,13.1,92
2025-10-23T19:00,20.1,0.00,10.5,95
2025-10-23T20:00,19.9,0.10,8.1,94
2025-10-23T21:00,19.8,0.10,9.1,94
2025-10-23T22:00,19.9,0.00,7.5,93
2025-10-23T23:00,20.0,0.00,8.4,93
2025-10-24T00:00,19.0,0.60,15.1,96
2025-10-24T01:00,19.2,0.20,11.2,93
2025-10-24T02:00,19.0,0.00,7.7,93
2025-10-24T03:00,18.8,0.00,6.5,94
2025-10-24T04:00,18.4,0.00,4.4,94
2025-10-24T05:00,17.8,0.00,4.0,95
2025-10-24T06:00,18.2,0.00,1.7,95
2025-10-24T07:00,18.0,0.00,1.7,95
2025-10-24T08:00,17.4,0.00,4.2,95
2025-10-24T09:00,19.1,0.00,6.7,93
2025-10-24T10:00,19.9,0.00,10.5,89
2025-10-24T11:00,20.4,0.00,10.1,86
2025-10-24T12:00,21.4,0.00,7.4,73
2025-10-24T13:00,21.6,0.00,8.1,66
2025-10-24T14:00,21.1,0.00,9.8,68
2025-10-24T15:00,20.6,0.00,10.1,71
2025-10-24T16:00,20.1,0.00,9.0,75
2025-10-24T17:00,19.6,0.00,8.7,82
2025-10-24T18:00,19.1,0.00,10.6,84
2025-10-24T19:00,18.8,0.00,10.0,85
2025-10-24T20:00,18.1,0.00,8.6,87
2025-10-24T21:00,17.6,0.00,7.6,90
2025-10-24T22:00,17.4,0.00,7.8,91
2025-10-24T23:00,17.4,0.00,9.4,90
2025-10-25T00:00,17.4,0.10,8.4,86
2025-10-25T01:00,17.6,0.00,9.4,86
2025-10-25T02:00,17.5,0.00,11.2,86
2025-10-25T03:00,17.4,0.10,11.9,87
2025-10-25T04:00,17.0,0.10,12.8,89
2025-10-25T05:00,16.2,0.10,14.8,92
2025-10-25T06:00,15.8,0.70,15.7,93
2025-10-25T07:00,16.6,0.60,15.7,91
2025-10-25T08:00,15.9,0.80,17.5,93
2025-10-25T09:00,15.9,0.70,20.9,94
2025-10-25T10:00,16.6,1.00,23.8,94
2025-10-25T11:00,16.2,1.20,20.4,95
2025-10-25T12:00,18.0,0.60,32.1,79
2025-10-25T13:00,19.1,0.00,32.7,71
2025-10-25T14:00,19.0,0.00,31.3,69
2025-10-25T15:00,18.6,0.00,30.1,71
2025-10-25T16:00,17.8,0.10,28.5,75
2025-10-25T17:00,16.1,0.20,23.7,84
2025-10-25T18:00,16.1,0.30,29.8,84
2025-10-25T19:00,17.1,0.60,32.6,82
2025-10-25T20:00,16.6,0.30,34.5,81
2025-10-25T21:00,15.6,0.20,31.4,80
2025-10-25T22:00,16.7,1.00,33.4,83
2025-10-25T23:00,17.0,0.10,34.9,78
2025-10-26T00:00,17.0,0.00,33.0,75
2025-10-26T01:00,17.4,0.00,34.0,69
2025-10-26T02:00,17.3,0.00,33.6,67
2025-10-26T03:00,16.2,0.00,34.5,72
2025-10-26T04:00,16.4,0.10,34.2,73
2025-10-26T05:00,16.5,0.10,31.2,79
2025-10-26T06:00,16.1,0.00,33.3,72
2025-10-26T07:00,16.5,0.10,32.3,73
2025-10-26T08:00,15.9,0.70,29.5,80
2025-10-26T09:00,14.9,0.40,25.5,84
2025-10-26T10:00,16.9,0.20,33.9,74
2025-10-26T11:00,16.4,0.20,35.4,79
2025-10-26T12:00,15.3,0.20,32.5,82
2025-10-26T13:00,15.6,0.60,30.5,84
2025-10-26T14:00,15.7,1.00,28.2,87
2025-10-26T15:00,16.0,0.60,29.8,87
2025-10-26T16:00,15.8,0.70,24.2,89
2025-10-26T17:00,15.5,1.40,23.3,91
2025-10-26T18:00,15.5,0.60,22.3,91
2025-10-26T19:00,16.2,0.50,28.1,83
2025-10-26T20:00,15.8,0.50,24.8,86
2025-10-26T21:00,15.4,0.90,24.3,89
2025-10-26T22:00,16.4,0.20,27.5,87
2025-10-26T23:00,15.9,0.30,25.7,86
2025-10-27T00:00,17.0,0.20,28.7,80
2025-10-27T01:00,16.6,0.40,28.5,84
2025-10-27T02:00,16.2,0.40,27.9,84
2025-10-27T03:00,16.5,0.50,26.0,84
2025-10-27T04:00,17.4,0.10,30.2,79
2025-10-27T05:00,17.8,0.30,29.1,73
2025-10-27T06:00,17.5,0.40,28.1,70
2025-10-27T07:00,17.3,0.00,28.1,73
2025-10-27T08:00,17.0,0.10,26.2,79
2025-10-27T09:00,17.0,0.10,24.2,81
2025-10-27T10:00,17.0,0.40,26.9,82
2025-10-27T11:00,17.5,0.30,28.2,83
2025-10-27T12:00,17.7,0.10,27.5,82
2025-10-27T13:00,17.9,0.20,31.3,78
2025-10-27T14:00,17.0,0.80,29.5,86
2025-10-27T15:00,17.4,0.50,28.7,84
2025-10-27T16:00,17.4,0.30,27.1,82
2025-10-27T17:00,17.4,0.40,29.4,83
2025-10-27T18:00,17.1,0.10,30.4,81
2025-10-27T19:00,17.0,0.10,29.6,80
2025-10-27T20:00,16.9,0.30,31.5,85
2025-10-27T21:00,16.7,1.60,32.6,90
2025-10-27T22:00,17.0,0.50,33.4,87
2025-10-27T23:00,17.5,0.00,33.7,82
2025-10-28T00:00,16.9,0.10,33.2,87
2025-10-28T01:00,17.1,0.10,33.0,83
2025-10-28T02:00,17.1,0.00,32.6,82
2025-10-28T03:00,17.2,0.10,30.6,81
2025-10-28T04:00,17.0,0.30,32.2,83
2025-10-28T05:00,16.0,0.60,26.6,89
2025-10-28T06:00,16.2,0.30,26.5,89
2025-10-28T07:00,16.5,0.20,31.0,88
2025-10-28T08:00,16.6,0.10,30.3,85
2025-10-28T09:00,16.5,0.10,31.0,85
2025-10-28T10:00,17.0,0.00,31.9,81
2025-10-28T11:00,17.6,0.10,34.2,76
2025-10-28T12:00,17.8,0.00,31.0,74
2025-10-28T13:00,17.9,0.00,31.7,74
2025-10-28T14:00,17.6,0.00,30.6,76
2025-10-28T15:00,17.4,0.00,29.0,77
2025-10-28T16:00,17.2,0.30,27.8,75
2025-10-28T17:00,17.0,0.00,25.8,74
2025-10-28T18:00,16.5,0.00,26.2,75
2025-10-28T19:00,16.1,0.00,24.6,71
2025-10-28T20:00,15.9,0.00,22.6,69
2025-10-28T21:00,16.2,0.00,22.4,70
2025-10-28T22:00,15.7,0.00,19.7,71
2025-10-28T23:00,16.0,0.00,19.1,68
2025-10-29T00:00,15.7,0.00,15.5,68
2025-10-29T01:00,15.6,0.00,14.7,70
2025-10-29T02:00,15.8,0.00,14.7,67
2025-10-29T03:00,15.6,0.00,14.6,69
2025-10-29T04:00,15.5,0.00,7.1,70
2025-10-29T05:00,15.8,0.00,9.3,68
2025-10-29T06:00,16.2,0.00,10.2,68
2025-10-29T07:00,16.4,0.00,9.0,68
2025-10-29T08:00,16.2,0.00,7.9,69
2025-10-29T09:00,16.7,0.00,10.7,74
2025-10-29T10:00,17.4,0.00,11.4,75
2025-10-29T11:00,17.9,0.00,13.7,72
2025-10-29T12:00,18.1,0.10,19.3,74
2025-10-29T13:00,17.9,0.00,20.9,74
2025-10-29T14:00,18.6,0.10,26.6,68
2025-10-29T15:00,18.7,0.00,29.9,65
2025-10-29T16:00,18.5,0.00,29.3,67
2025-10-29T17:00,18.5,0.00,29.4,70
2025-10-29T18:00,19.0,0.00,30.9,65
2025-10-29T19:00,19.0,0.00,32.2,68
2025-10-29T20:00,19.2,0.00,35.7,67
2025-10-29T21:00,19.4,0.00,35.5,66
2025-10-29T22:00,20.0,0.00,38.5,64
2025-10-29T23:00,20.0,0.20,39.3,70
2025-10-30T00:00,19.2,0.10,41.6,75
2025-10-30T01:00,18.8,1.60,41.6,81
2025-10-30T02:00,18.0,3.70,37.0,94
2025-10-30T03:00,17.4,1.40,18.2,91
2025-10-30T04:00,17.2,0.30,14.4,88
2025-10-30T05:00,17.1,0.10,14.7,87
2025-10-30T06:00,17.0,0.00,14.4,87
2025-10-30T07:00,16.6,0.00,11.9,86
2025-10-30T08:00,16.1,0.00,9.0,87
2025-10-30T09:00,16.7,0.00,8.9,85
2025-10-30T10:00,17.7,0.00,11.0,84
2025-10-30T11:00,18.2,0.20,15.9,77
2025-10-30T12:00,18.5,0.10,21.8,73
2025-10-30T13:00,18.1,0.10,23.6,74
2025-10-30T14:00,18.0,0.10,24.8,74
2025-10-30T15:00,18.0,0.00,23.6,74
2025-10-30T16:00,18.1,0.10,22.4,73
2025-10-30T17:00,17.9,0.20,21.5,75
2025-10-30T18:00,17.2,0.10,20.9,76
2025-10-30T19:00,17.1,0.10,18.8,75
2025-10-30T20:00,17.1,0.00,15.9,76
2025-10-30T21:00,17.1,0.00,16.3,76
2025-10-30T22:00,16.9,0.00,13.0,78
2025-10-30T23:00,17.2,0.00,14.6,72
2025-10-31T00:00,16.9,0.00,12.6,71
2025-10-31T01:00,17.4,0.00,14.8,70
2025-10-31T02:00,17.3,0.00,15.7,72
2025-10-31T03:00,17.0,0.00,13.4,76
2025-10-31T04:00,17.0,0.00,14.2,75
2025-10-31T05:00,17.0,0.00,15.3,74
2025-10-31T06:00,16.6,0.00,12.2,80
2025-10-31T07:00,16.6,0.00,11.9,80
2025-10-31T08:00,16.4,0.00,11.3,79
2025-10-31T09:00,16.0,0.00,12.6,85
2025-10-31T10:00,17.0,0.00,14.2,80
2025-10-31T11:00,17.5,0.00,16.2,76
2025-10-31T12:00,17.8,0.00,20.2,75
2025-10-31T13:00,17.7,0.00,20.0,74
2025-10-31T14:00,17.6,0.00,19.6,74
2025-10-31T15:00,17.2,0.10,20.4,74
2025-10-31T16:00,16.9,0.10,18.6,76
2025-10-31T17:00,16.5,0.30,20.3,78
2025-10-31T18:00,16.2,0.10,18.4,80
2025-10-31T19:00,15.6,0.00,16.9,79
2025-10-31T20:00,15.4,0.00,18.2,77
2025-10-31T21:00,15.2,0.00,17.9,76
2025-10-31T22:00,15.1,0.00,17.8,72
2025-10-31T23:00,14.9,0.00,17.4,71
2025-11-01T00:00,14.4,0.00,19.1,67
2025-11-01T01:00,14.1,0.00,15.9,63
2025-11-01T02:00,14.1,0.00,15.5,62
2025-11-01T03:00,14.1,0.00,15.2,60
2025-11-01T04:00,13.9,0.00,11.9,60
2025-11-01T05:00,14.2,0.00,13.5,58
2025-11-01T06:00,14.8,0.00,14.1,58
2025-11-01T07:00,15.1,0.00,12.9,58
2025-11-01T08:00,15.1,0.00,13.0,58
2025-11-01T09:00,15.0,0.00,9.4,65
2025-11-01T10:00,16.2,0.00,13.0,64
2025-11-01T11:00,16.9,0.00,17.6,59
2025-11-01T12:00,17.1,0.00,18.0,58
2025-11-01T13:00,17.5,0.00,17.6,57
2025-11-01T14:00,17.8,0.00,16.3,56
2025-11-01T15:00,17.7,0.00,16.2,56
2025-11-01T16:00,17.5,0.00,16.3,57
2025-11-01T17:00,17.0,0.00,15.7,60
2025-11-01T18:00,16.4,0.00,12.1,64
2025-11-01T19:00,15.3,0.00,7.8,65
2025-11-01T20:00,14.1,0.00,6.7,70
2025-11-01T21:00,13.6,0.00,6.8,74
2025-11-01T22:00,13.4,0.00,6.8,75
2025-11-01T23:00,13.2,0.00,6.6,76
